CustomerID,Churn,MonthlyRevenue,MonthlyMinutes,TotalRecurringCharge,DirectorAssistedCalls,OverageMinutes,RoamingCalls,PercChangeMinutes,PercChangeRevenues,DroppedCalls,BlockedCalls,UnansweredCalls,CustomerCareCalls,ThreewayCalls,ReceivedCalls,OutboundCalls,InboundCalls,PeakCallsInOut,OffPeakCallsInOut,DroppedBlockedCalls,CallForwardingCalls,CallWaitingCalls,MonthsInService,UniqueSubs,ActiveSubs,ServiceArea,Handsets,HandsetModels,CurrentEquipmentDays,AgeHH1,AgeHH2,ChildrenInHH,HandsetRefurbished,HandsetWebCapable,TruckOwner,RVOwner,Homeownership,BuysViaMailOrder,RespondsToMailOffers,OptOutMailings,NonUSTravel,OwnsComputer,HasCreditCard,RetentionCalls,RetentionOffersAccepted,NewCellphoneUser,NotNewCellphoneUser,ReferralsMadeBySubscriber,IncomeGroup,OwnsMotorcycle,AdjustmentsToCreditRating,HandsetPrice,MadeCallToRetentionTeam,CreditRating,PrizmCode,Occupation,MaritalStatus
3114822,No,34.43,314.0,30.0,0.0,5.0,2.6,-12.0,-1.2,9.0,2.0,26.0,0.0,0.0,3.9,127.7,0.7,97.7,78.0,11.0,0.0,0.0,25,1,1,SANCRP512,1.0,1.0,747.0,64.0,60.0,No,No,No,Yes,Yes,Known,No,Yes,Yes,No,No,No,0,0,No,No,0,5,No,0,Unknown,No,2-High,Rural,Professional,Yes
3039574,No,30.0,153.0,30.0,0.0,0.0,0.0,10.0,0.0,0.7,0.0,1.3,0.0,0.0,1.2,0.3,0.0,11.3,5.7,0.7,0.0,0.0,33,1,1,DENDEN303,1.0,1.0,983.0,42.0,0.0,No,No,Yes,Yes,No,Known,No,No,No,No,No,Yes,0,0,No,No,0,4,Yes,1,Unknown,No,3-Good,Other,Other,No
3059830,Yes,61.11,328.0,57.0,0.99,22.0,0.0,-328.0,-6.5,6.7,15.0,14.0,1.7,0.0,63.1,23.3,10.0,60.3,13.0,21.7,0.0,1.0,27,2,2,SANSAN210,2.0,2.0,324.0,42.0,26.0,Yes,No,Yes,No,No,Known,Yes,Yes,No,No,No,Yes,0,0,No,No,0,5,No,0,30,No,3-Good,Rural,Professional,Yes
3243582,Yes,14.31,350.0,10.0,0.0,1.0,0.0,-150.0,-0.3,0.0,0.0,1.7,0.0,0.0,21.4,2.0,0.0,10.7,12.0,0.0,0.0,0.0,16,3,3,HOUHOU281,1.0,1.0,485.0,52.0,18.0,Yes,No,Yes,Yes,Yes,Known,Yes,Yes,No,No,No,Yes,0,0,No,No,0,7,No,0,Unknown,No,2-High,Other,Homemaker,Yes
3087070,No,30.25,174.0,30.0,0.25,0.0,0.0,56.0,-0.2,2.3,1.0,9.0,0.0,0.0,45.0,7.3,6.3,30.7,23.0,3.3,0.0,0.3,26,1,1,FLNJAC904,2.0,2.0,306.0,60.0,58.0,Yes,No,Yes,Yes,Yes,Known,Yes,Yes,No,No,No,Yes,0,0,Yes,No,0,8,No,0,30,No,2-High,Other,Professional,Yes
3256546,No,182.74,2584.0,96.0,1.49,397.0,0.0,-2496.0,-192.4,65.7,7.0,388.0,11.7,10.0,806.3,166.3,96.7,1089.3,1190.7,72.7,0.0,123.3,14,1,1,PITHOM412,6.0,3.0,54.0,0.0,0.0,No,No,Yes,No,No,Unknown,No,No,No,No,No,No,0,0,No,No,1,5,No,0,130,No,4-Medium,Other,Other,No
3250586,Yes,43.99,259.0,50.0,0.0,0.0,0.0,-15.0,0.0,3.0,0.0,7.0,0.0,0.0,86.4,9.3,2.3,57.3,15.3,3.0,0.0,0.3,12,1,1,APCFCH703,1.0,1.0,367.0,0.0,0.0,No,No,Yes,No,No,Unknown,No,No,No,No,No,No,0,0,No,No,1,0,No,0,Unknown,No,5-Low,Other,Other,Unknown
3376190,No,61.11,1141.0,66.0,2.72,11.0,0.0,766.0,2.4,15.7,1.7,97.7,19.0,0.3,104.9,68.3,26.3,150.7,168.3,17.3,0.0,0.3,8,1,1,APCFCH703,1.0,1.0,214.0,0.0,0.0,No,No,Yes,No,No,Unknown,No,No,No,No,No,No,0,0,No,No,0,0,No,0,Unknown,No,5-Low,Suburban,Other,Unknown
3347818,No,45.21,607.0,20.0,0.25,2.0,0.0,-607.0,-45.2,7.3,4.0,42.7,23.7,0.0,157.0,60.0,21.7,192.0,136.0,11.3,0.0,3.0,10,1,1,MILKEN414,2.0,2.0,125.0,50.0,46.0,Yes,Yes,Yes,No,No,Known,No,No,No,No,Yes,Yes,0,0,No,No,0,5,No,0,150,No,4-Medium,Suburban,Other,Yes
3236530,No,51.04,418.0,50.0,0.0,0.0,0.0,33.0,1.4,3.3,12.0,53.3,0.0,0.0,98.2,8.7,28.7,84.0,83.7,15.3,0.0,0.3,13,1,1,DALFTW817,1.0,1.0,386.0,34.0,32.0,No,Yes,No,No,No,Known,No,No,No,No,No,Yes,0,0,No,No,0,4,No,0,Unknown,No,5-Low,Other,Other,Yes
3098302,No,110.15,408.0,74.0,0.25,12.0,1.3,123.0,-51.1,4.7,2.7,9.7,0.0,0.0,68.0,18.3,3.0,41.7,36.3,7.3,0.0,0.3,26,1,1,OHICOL614,3.0,3.0,206.0,32.0,0.0,No,Yes,Yes,No,No,Known,Yes,Yes,No,No,No,Yes,0,0,No,No,0,5,No,0,130,No,2-High,Other,Professional,Yes
3317554,No,66.36,234.0,70.0,0.0,21.0,0.0,170.0,17.6,3.0,0.3,6.7,0.0,0.3,90.2,16.3,15.7,55.3,11.3,3.3,0.0,0.0,9,2,2,LAXSBN909,2.0,1.0,269.0,34.0,0.0,Yes,No,Yes,No,No,Known,No,Yes,No,No,No,Yes,0,0,No,No,0,3,No,0,150,No,2-High,Suburban,Crafts,No
3154682,Yes,312.83,2375.0,71.0,2.23,582.0,0.0,-1372.0,-236.8,21.3,4.0,46.0,4.7,2.7,1208.0,78.0,0.0,399.0,265.3,25.3,0.0,23.7,23,1,1,SLCPRO801,2.0,2.0,216.0,0.0,0.0,No,No,Yes,No,No,Unknown,No,No,No,No,No,No,1,1,No,No,0,0,No,0,150,Yes,2-High,Town,Other,Unknown
3308982,No,44.3,89.0,55.0,0.0,0.0,0.0,12.0,4.7,1.0,0.0,5.7,0.0,0.0,2.2,2.7,0.3,9.7,8.3,1.0,0.0,0.0,7,1,1,NVUGAR775,1.0,1.0,220.0,52.0,48.0,No,No,Yes,No,No,Known,Yes,Yes,No,No,No,Yes,0,0,No,No,0,6,No,0,Unknown,No,2-High,Rural,Other,Unknown
3208422,No,30.5,40.0,30.0,0.0,0.0,0.0,-2.0,-0.3,0.7,0.0,1.0,0.0,0.0,9.2,0.0,0.7,16.7,7.7,0.7,0.0,0.0,12,1,1,NEVENC760,1.0,1.0,374.0,56.0,52.0,Yes,No,Yes,No,No,Known,No,No,No,No,No,Yes,0,0,No,No,0,7,No,0,Unknown,No,2-High,Suburban,Other,Yes
3341818,No,94.17,2113.0,85.0,1.24,39.0,4.1,-305.0,-3.1,2.3,21.0,134.3,6.0,2.0,594.2,42.7,2.7,360.7,225.3,23.3,0.0,11.7,12,1,1,OMACDR319,5.0,4.0,0.0,0.0,0.0,No,No,Yes,No,No,Unknown,No,No,No,No,No,No,0,0,No,No,0,0,No,0,150,No,5-Low,Other,Other,Unknown
3303834,Yes,170.91,1844.0,55.0,1.24,356.0,0.0,408.0,136.9,7.0,6.0,27.3,4.3,0.0,1023.3,120.3,78.0,81.0,246.0,13.0,0.0,4.0,14,2,2,CHILAG630,1.0,1.0,395.0,0.0,0.0,No,No,Yes,No,No,Unknown,No,No,No,No,No,No,0,0,No,No,0,0,No,0,Unknown,No,2-High,Suburban,Other,Unknown
3392058,No,24.52,26.0,23.0,0.25,4.0,0.0,-26.0,5.5,0.0,0.0,9.7,0.0,0.0,0.0,0.7,0.0,4.0,6.0,0.0,0.0,0.0,49,2,1,LAXANA714,4.0,4.0,556.0,58.0,58.0,No,No,Yes,No,No,Known,Yes,Yes,No,No,No,Yes,0,0,No,No,0,9,No,0,60,No,5-Low,Other,Professional,Yes
3203818,No,33.26,46.0,30.0,0.0,0.0,0.0,46.0,-0.3,0.3,1.7,1.3,2.3,0.0,3.5,1.7,0.0,9.0,3.7,2.0,0.0,0.0,13,5,5,OHIAKR330,1.0,1.0,383.0,64.0,0.0,No,No,Yes,No,No,Known,No,No,No,No,No,Yes,0,0,No,Yes,0,4,No,0,Unknown,No,2-High,Other,Other,No
3186674,No,164.29,1066.0,60.0,1.73,346.0,9.1,261.0,78.8,8.0,1.0,40.3,1.7,0.0,246.4,57.0,5.0,237.3,108.3,9.0,0.0,6.0,16,1,1,SFRSCL408,2.0,2.0,6.0,24.0,0.0,No,Yes,Yes,No,No,Known,No,No,No,No,No,Yes,0,0,No,No,0,8,No,0,150,No,2-High,Other,Other,No
3250158,No,29.99,450.0,40.0,0.0,0.0,0.0,-56.0,0.0,2.7,11.0,14.3,7.7,0.0,53.9,12.3,5.7,83.0,38.7,13.7,0.0,1.0,14,1,1,SANKIL254,1.0,1.0,413.0,40.0,38.0,Yes,No,Yes,No,No,Known,No,No,No,No,No,Yes,0,0,No,No,0,7,No,0,Unknown,No,2-High,Town,Other,Yes
3025126,No,68.46,1732.0,85.0,0.0,30.0,0.3,142.0,6.5,6.3,2.0,26.0,2.7,0.3,507.9,88.3,15.3,210.7,146.7,8.3,0.0,1.3,33,1,1,NYCBRO917,3.0,3.0,123.0,36.0,0.0,No,Yes,Yes,No,No,Known,No,No,No,No,No,Yes,0,0,Yes,No,0,1,No,0,150,No,1-Highest,Other,Other,No
3070330,No,100.89,344.0,100.0,0.0,0.0,0.0,132.0,-0.9,6.7,2.7,5.3,0.0,0.0,68.8,8.0,1.0,54.0,11.7,9.3,0.0,0.0,23,1,1,ATLNOR678,1.0,1.0,706.0,42.0,0.0,No,No,Yes,No,No,Known,Yes,Yes,No,No,No,Yes,0,0,No,Yes,0,8,No,0,Unknown,No,1-Highest,Town,Other,No
3203642,No,53.49,245.0,50.0,0.25,0.0,0.3,-21.0,-0.5,6.7,0.3,26.7,2.0,0.7,29.8,0.3,0.0,76.7,40.0,7.0,0.0,0.3,15,1,1,APCWAS202,2.0,2.0,92.0,34.0,0.0,Yes,No,Yes,No,No,Unknown,No,No,No,No,No,Yes,0,0,No,No,0,3,No,0,30,No,5-Low,Other,Other,No
3232394,No,30.26,19.0,30.0,0.0,0.0,0.0,-14.0,-0.3,0.0,0.3,1.3,0.0,0.0,0.0,1.7,0.0,2.0,3.7,0.3,0.0,0.0,11,2,1,CHIDAV319,1.0,1.0,329.0,34.0,0.0,No,No,Yes,No,No,Known,No,No,No,No,No,Yes,0,0,No,No,0,7,No,0,Unknown,No,2-High,Suburban,Other,Unknown
3240990,No,41.83,168.0,40.0,0.0,0.0,0.0,76.0,5.5,0.3,1.0,0.3,0.0,0.0,0.0,0.0,0.0,2.7,6.7,1.3,0.0,0.0,13,3,3,LAXLAX323,1.0,1.0,381.0,30.0,0.0,No,Yes,No,No,No,Unknown,Yes,Yes,No,No,No,Yes,0,0,No,No,0,7,No,0,Unknown,No,1-Highest,Other,Other,No
3166542,Yes,48.95,284.0,30.0,0.25,52.0,0.0,-42.0,-19.0,11.0,0.3,27.0,0.0,0.3,50.5,11.7,1.3,114.0,16.0,11.3,0.0,0.7,15,3,2,HARNOR203,1.0,1.0,470.0,48.0,0.0,No,No,Yes,No,No,Known,No,No,No,No,Yes,Yes,0,0,No,No,0,9,No,0,Unknown,No,2-High,Suburban,Other,No
3058142,Yes,35.49,100.0,30.0,0.0,14.0,0.2,8.0,-5.5,1.3,0.3,2.3,0.0,0.0,5.7,1.7,1.0,19.0,11.3,1.7,0.0,0.0,25,1,1,OMAOMA402,1.0,1.0,757.0,50.0,46.0,Yes,No,Yes,No,No,Known,Yes,Yes,Yes,No,No,Yes,0,0,Yes,No,0,5,No,0,Unknown,No,1-Highest,Other,Other,No
3312658,No,100.61,740.0,74.0,0.99,161.0,3.6,342.0,3.2,3.3,4.3,32.0,0.3,0.0,380.0,7.0,2.3,207.0,76.3,7.7,0.0,9.3,9,1,1,INDIND317,1.0,1.0,278.0,0.0,0.0,No,No,Yes,No,No,Unknown,No,No,No,No,No,No,0,0,No,No,0,0,No,0,Unknown,No,5-Low,Suburban,Other,Unknown
3173566,Yes,12.5,28.0,10.0,0.0,2.0,0.0,-28.0,-2.5,0.3,0.0,3.7,2.3,0.0,2.8,0.0,0.0,2.3,5.0,0.3,0.0,0.0,19,1,1,INDIND317,1.0,1.0,562.0,0.0,0.0,No,No,Yes,No,No,Unknown,No,No,No,No,No,No,0,0,No,No,0,0,No,0,Unknown,No,3-Good,Town,Other,Unknown
3217966,No,33.25,286.0,40.0,0.0,0.0,0.0,21.0,0.0,4.0,1.7,36.7,2.3,0.0,55.4,14.7,4.3,60.0,49.7,5.7,0.0,0.3,14,1,1,MIAFTM941,1.0,1.0,415.0,34.0,0.0,No,No,Yes,No,No,Unknown,No,No,No,No,No,Yes,0,0,No,No,0,0,No,0,Unknown,No,4-Medium,Suburban,Other,No
3227154,Yes,52.58,1134.0,60.0,0.5,12.0,1.0,183.0,0.2,7.7,9.3,49.7,3.7,0.0,226.4,79.0,18.0,205.0,225.0,17.0,0.0,7.0,13,1,1,SANAUS512,3.0,2.0,233.0,62.0,60.0,No,No,Yes,No,No,Known,Yes,Yes,No,No,Yes,Yes,0,0,No,Yes,0,9,No,0,30,No,3-Good,Town,Professional,Yes
3224926,Yes,51.43,514.0,40.0,0.25,54.0,0.0,-66.0,-21.3,10.3,0.7,49.7,1.0,0.3,12.9,1.7,0.0,42.3,48.0,11.0,0.0,2.7,11,1,1,PHIPHI215,2.0,2.0,152.0,28.0,80.0,Yes,No,Yes,No,No,Known,Yes,Yes,No,No,No,Yes,0,0,Yes,No,0,4,No,0,30,No,3-Good,Other,Other,No
3392502,No,154.65,561.0,35.0,0.5,83.0,0.0,-76.0,-47.0,2.7,0.7,22.3,0.3,0.0,4.3,2.7,0.0,80.7,29.0,3.3,0.0,0.0,41,1,1,LAXANA714,1.0,1.0,1234.0,42.0,0.0,Yes,No,No,No,No,Known,Yes,Yes,No,Yes,Yes,Yes,0,0,No,No,0,8,No,0,Unknown,No,1-Highest,Suburban,Professional,Yes
3012422,Yes,33.05,149.0,32.0,0.25,1.0,0.0,-10.0,-0.6,3.0,1.0,23.0,0.7,1.0,19.6,26.0,3.7,63.0,18.0,4.0,0.0,0.0,40,4,2,NYCQUE917,2.0,2.0,604.0,54.0,52.0,No,No,Yes,Yes,Yes,Known,Yes,Yes,No,No,No,Yes,0,0,Yes,No,0,9,No,0,30,No,1-Highest,Other,Other,Yes
3319866,No,42.13,1180.0,52.0,0.74,4.0,0.0,-214.0,-2.1,20.7,4.3,134.3,4.0,2.3,142.6,36.3,4.0,109.0,276.3,25.0,0.0,0.0,11,1,1,NYCMAN917,4.0,3.0,60.0,34.0,0.0,No,Yes,Yes,No,No,Known,No,No,No,No,No,Yes,0,0,Yes,No,0,5,No,0,80,No,5-Low,Other,Other,No
3315090,No,54.1,435.0,52.0,0.0,54.0,1.1,224.0,57.3,1.3,1.3,28.3,1.3,0.0,65.4,20.3,2.0,64.0,20.7,3.0,0.0,1.3,9,1,1,NNYALB518,4.0,4.0,94.0,50.0,50.0,No,No,Yes,Yes,No,Known,Yes,Yes,No,Yes,No,Yes,0,0,No,Yes,0,7,No,0,60,No,2-High,Suburban,Professional,Yes
3312598,No,29.99,10.0,40.0,0.0,0.0,0.0,4.0,0.0,0.3,0.3,0.3,0.0,0.0,0.0,0.7,0.0,3.7,1.3,0.7,0.0,0.0,11,1,1,NMXELP915,1.0,1.0,324.0,32.0,34.0,No,Yes,Yes,Yes,No,Known,Yes,Yes,No,No,No,Yes,0,0,Yes,No,0,6,No,0,Unknown,No,2-High,Suburban,Professional,No
3107882,Yes,51.49,223.0,60.0,0.25,0.0,0.0,29.0,-1.5,7.7,1.3,15.3,4.0,0.0,20.9,47.3,10.3,129.3,32.3,9.0,0.0,0.7,24,6,3,SEABLV425,1.0,1.0,700.0,42.0,42.0,Yes,No,No,No,No,Known,Yes,Yes,No,No,No,Yes,0,0,No,No,0,7,No,0,Unknown,No,3-Good,Suburban,Professional,Yes
3113830,Yes,28.5,75.0,30.0,0.0,0.0,0.0,91.0,0.0,0.0,0.0,1.3,0.0,0.0,1.1,0.7,0.0,12.7,9.7,0.0,0.0,0.0,23,1,1,FLNWNP407,1.0,1.0,688.0,38.0,38.0,Yes,No,No,Yes,Yes,Known,Yes,Yes,No,No,No,Yes,0,0,No,No,0,7,No,0,Unknown,No,2-High,Town,Other,Yes
3026654,Yes,51.28,804.0,60.0,0.74,22.0,0.0,-182.0,-0.3,7.0,5.7,17.3,0.7,0.3,177.6,91.0,9.3,124.3,108.7,12.7,0.0,4.7,33,1,1,HOUHOU281,3.0,3.0,391.0,0.0,0.0,No,No,Yes,No,No,Unknown,No,No,No,No,No,No,0,0,No,Yes,0,0,No,0,10,No,3-Good,Suburban,Other,Unknown
3025094,Yes,46.68,215.0,30.0,1.73,29.0,0.0,-87.0,-13.4,7.0,2.3,19.3,1.0,0.0,49.8,5.7,2.7,60.0,71.7,9.3,0.0,0.7,37,1,1,SFRSMO650,1.0,1.0,1120.0,50.0,48.0,Yes,No,No,No,No,Known,Yes,Yes,No,No,Yes,Yes,0,0,No,No,0,9,No,0,Unknown,No,5-Low,Other,Self,Yes
3160866,No,32.27,76.0,30.0,0.0,0.0,2.3,51.0,-2.3,3.7,0.0,2.7,0.0,0.0,12.5,3.3,0.3,20.3,12.0,3.7,0.0,0.0,20,1,1,APCFCH703,2.0,2.0,138.0,0.0,0.0,No,No,Yes,No,No,Unknown,No,No,No,No,No,No,0,0,No,No,0,0,No,0,150,No,2-High,Suburban,Other,Unknown
3262430,Yes,84.98,876.0,33.0,6.68,198.0,0.0,-120.0,-84.7,6.7,0.7,34.3,3.3,0.0,115.8,41.7,0.7,102.3,68.3,7.3,0.0,0.0,10,1,1,SFROAK510,1.0,1.0,289.0,0.0,0.0,No,Yes,Yes,No,No,Unknown,No,No,No,No,No,No,0,0,No,No,0,0,No,0,Unknown,No,6-VeryLow,Other,Other,Unknown
3381334,No,151.35,1814.0,95.0,3.46,182.0,0.0,-1314.0,-75.4,14.7,28.0,275.0,18.7,0.7,522.2,61.3,15.3,684.3,510.0,42.7,0.0,30.3,7,1,1,MIANDA305,1.0,1.0,187.0,26.0,56.0,No,No,Yes,No,No,Known,No,No,No,No,No,No,0,0,No,No,0,4,No,0,Unknown,No,5-Low,Other,Other,Unknown
3342370,No,38.99,152.0,45.0,0.0,0.0,0.0,58.0,0.0,3.0,3.3,8.0,0.7,0.0,56.8,13.0,9.0,41.3,31.3,6.3,0.0,1.0,10,1,1,NSHNSH615,1.0,1.0,299.0,50.0,46.0,Yes,No,Yes,Yes,Yes,Known,Yes,Yes,No,No,No,Yes,0,0,No,No,0,9,No,0,Unknown,No,2-High,Town,Professional,Yes
3180182,Yes,80.87,112.0,80.0,0.25,0.0,0.0,66.0,-0.9,0.3,0.0,2.0,0.0,0.0,0.0,0.7,0.0,4.0,0.0,0.7,0.0,0.0,14,2,2,SEABLV425,2.0,2.0,24.0,34.0,34.0,Yes,No,Yes,No,No,Known,Yes,Yes,No,No,Yes,Yes,0,0,No,No,0,9,No,0,30,No,2-High,Suburban,Professional,Yes
3051354,No,46.03,750.0,70.0,0.0,0.0,0.0,152.0,-1.0,0.0,3.3,53.0,0.3,0.0,16.8,12.3,0.0,92.0,118.0,3.3,0.0,0.0,26,1,1,DENDEN303,1.0,1.0,796.0,0.0,0.0,No,No,Yes,No,No,Unknown,No,No,No,No,No,No,0,0,No,No,0,0,No,0,Unknown,No,1-Highest,Town,Other,Unknown
3101502,No,32.74,40.0,32.0,0.25,0.0,0.0,12.0,-0.2,1.7,1.7,2.0,0.0,0.0,1.4,1.3,0.3,16.0,5.0,3.3,0.0,0.7,24,3,2,ATLANE678,1.0,1.0,717.0,36.0,36.0,Yes,No,Yes,No,No,Known,Yes,Yes,No,No,Yes,Yes,0,0,No,No,0,9,No,0,Unknown,No,2-High,Town,Other,Yes
3122518,No,32.28,284.0,30.0,0.0,6.0,0.0,-18.0,-2.3,0.7,15.7,5.0,0.0,1.0,118.2,14.0,13.0,68.0,49.0,16.3,0.0,1.7,19,1,1,CHICHI773,1.0,1.0,571.0,0.0,0.0,No,No,Yes,No,No,Unknown,No,No,No,No,No,No,0,0,No,No,0,0,No,0,Unknown,No,2-High,Suburban,Other,Unknown
3110290,No,87.54,1808.0,93.0,1.98,5.0,0.0,56.0,-11.6,10.3,7.0,174.7,10.0,0.0,452.9,107.7,48.0,323.3,281.0,17.3,0.0,8.0,23,2,2,BOSBOS617,4.0,2.0,587.0,0.0,0.0,No,No,Yes,No,No,Known,No,No,No,No,No,Yes,0,0,No,Yes,0,8,No,0,80,No,2-High,Other,Other,Unknown
3381654,No,125.22,1124.0,80.0,1.73,159.0,0.0,214.0,93.5,5.7,3.7,44.7,12.3,0.0,340.5,42.3,32.7,167.3,123.0,9.3,0.0,5.3,7,1,1,INDIND317,1.0,1.0,186.0,0.0,0.0,No,No,Yes,No,No,Known,No,No,No,No,No,No,0,0,No,No,0,5,No,0,Unknown,No,5-Low,Other,Other,No
3062194,Yes,21.12,19.0,17.0,0.0,11.0,0.0,-10.0,-4.0,0.0,2.7,0.3,0.0,0.0,0.0,0.0,0.0,2.3,1.7,2.7,0.0,0.0,24,1,1,CHICHI312,1.0,1.0,729.0,50.0,0.0,No,No,Yes,No,No,Unknown,No,No,Yes,No,No,Yes,0,0,No,Yes,0,0,No,0,Unknown,No,1-Highest,Other,Other,No
3208398,Yes,36.82,99.0,40.0,0.0,0.0,0.0,2.0,0.0,2.3,1.0,3.0,0.0,0.0,37.5,2.3,17.0,25.3,4.0,3.3,0.0,0.0,12,2,2,SANSMC512,1.0,1.0,374.0,68.0,68.0,Yes,No,Yes,Yes,No,Known,Yes,Yes,No,No,Yes,Yes,0,0,No,No,0,3,No,0,Unknown,No,3-Good,Rural,Clerical,No
3081442,No,52.97,308.0,50.0,2.97,0.0,0.0,-4.0,2.0,4.0,0.0,8.7,0.0,0.0,45.7,8.3,2.0,86.0,30.3,4.0,0.0,0.0,28,2,2,NEVLMS619,4.0,3.0,247.0,50.0,48.0,Yes,No,Yes,No,No,Known,No,Yes,No,No,No,Yes,0,0,No,No,0,8,No,0,200,No,2-High,Other,Professional,Yes
3122534,No,36.23,416.0,32.0,0.0,0.0,0.5,38.0,-0.5,0.3,21.3,10.7,0.7,0.7,126.2,36.7,28.7,118.7,68.7,22.0,0.0,0.0,21,2,2,HWIHON808,1.0,1.0,633.0,0.0,0.0,No,No,Yes,No,No,Unknown,No,No,No,No,No,No,0,0,Yes,No,0,0,No,0,Unknown,No,2-High,Other,Other,Unknown
3386498,No,92.72,684.0,50.0,1.98,101.0,10.3,128.0,1.4,7.0,2.3,23.3,0.0,0.7,80.5,21.0,3.7,134.0,47.0,9.3,0.0,1.0,7,1,1,NCRCHA704,1.0,1.0,207.0,0.0,0.0,No,No,Yes,No,No,Unknown,No,No,No,No,No,No,0,0,Yes,No,0,0,No,0,Unknown,No,2-High,Town,Other,Unknown
3183586,No,19.48,102.0,15.0,0.99,0.0,0.0,-102.0,-55.7,1.3,3.3,11.3,4.3,0.0,7.5,26.7,2.0,36.3,28.3,4.7,0.0,0.0,18,1,1,OHICIN513,1.0,1.0,537.0,44.0,0.0,No,No,Yes,No,No,Known,No,No,No,No,No,Yes,0,0,No,No,0,6,No,0,Unknown,No,4-Medium,Other,Other,No
3221226,No,360.94,3571.0,118.0,15.35,607.0,0.0,1178.0,122.7,53.3,5.0,120.7,2.7,3.0,1079.4,223.0,65.0,579.0,767.0,58.3,0.0,39.7,11,1,1,LAXLAX323,2.0,2.0,136.0,0.0,0.0,No,Yes,Yes,No,No,Unknown,No,No,No,No,No,No,0,0,No,No,0,0,No,0,10,No,2-High,Other,Other,Unknown
3192550,No,48.77,203.0,30.0,1.73,53.0,0.0,-12.0,-15.2,0.7,3.0,10.7,0.0,0.0,29.9,10.3,0.7,68.7,22.0,3.7,0.0,0.0,15,2,1,SANAUS512,1.0,1.0,469.0,0.0,0.0,No,No,Yes,No,No,Unknown,No,No,No,No,No,No,0,0,No,No,0,0,No,0,Unknown,No,3-Good,Other,Other,Unknown
3310134,Yes,19.99,0.0,30.0,0.0,0.0,0.0,0.0,0.0,0.0,0.0,0.0,0.0,0.0,0.0,0.0,0.0,0.0,0.0,0.0,0.0,0.0,13,2,2,OKCEMP316,1.0,1.0,388.0,24.0,0.0,No,No,Yes,No,No,Known,No,No,No,No,No,Yes,0,0,No,Yes,0,2,No,0,Unknown,No,2-High,Other,Other,No
3012586,No,89.92,1389.0,95.0,4.46,0.0,0.5,137.0,-1.0,10.3,1.0,67.0,0.0,0.0,78.0,19.3,2.7,146.3,71.3,11.3,0.0,7.7,40,1,1,DETTOL419,1.0,1.0,1196.0,32.0,0.0,Yes,No,Yes,No,No,Known,Yes,Yes,No,No,Yes,Yes,0,0,Yes,No,0,5,No,0,Unknown,No,1-Highest,Other,Professional,Yes
3338486,Yes,79.17,988.0,85.0,0.99,3.0,2.4,84.0,9.6,11.3,1.0,41.7,0.0,1.0,15.3,4.0,0.3,252.0,9.7,12.3,0.0,1.0,11,1,1,LAXLAG949,1.0,1.0,305.0,54.0,48.0,No,No,Yes,No,No,Known,No,No,No,No,No,Yes,0,0,No,No,0,9,No,0,Unknown,No,2-High,Other,Other,Yes
3259394,Yes,75.84,729.0,37.0,6.43,177.0,0.0,1220.0,140.3,10.0,1.3,105.3,3.7,0.0,57.5,19.7,7.3,149.0,96.0,11.3,0.0,0.0,12,1,1,NYCETT732,3.0,3.0,220.0,56.0,52.0,No,Yes,Yes,No,No,Known,No,No,No,No,No,Yes,2,1,No,No,0,7,No,0,130,Yes,5-Low,Suburban,Other,Yes
3385694,No,10.0,171.0,10.0,0.0,0.0,0.0,-39.0,0.0,0.7,0.3,4.3,0.0,0.0,39.7,7.0,4.3,42.7,19.0,1.0,0.0,1.3,8,2,2,SEABOI208,1.0,1.0,213.0,30.0,0.0,No,No,Yes,No,No,Known,Yes,Yes,No,No,No,Yes,0,0,No,No,0,6,No,0,Unknown,No,3-Good,Other,Professional,No
3089734,No,20.81,14.0,17.0,0.0,2.0,0.0,-6.0,-0.8,0.0,0.3,4.3,0.0,0.0,0.0,0.0,0.0,2.7,1.0,0.3,0.0,0.0,25,1,1,SANSAN210,1.0,1.0,755.0,40.0,40.0,No,No,No,Yes,No,Known,Yes,Yes,No,No,Yes,Yes,0,0,No,No,0,1,No,0,Unknown,No,6-VeryLow,Suburban,Professional,No
3087738,Yes,72.0,302.0,75.0,0.0,0.0,0.0,-129.0,4.0,2.0,1.0,8.3,0.0,0.0,125.6,16.7,25.3,118.7,16.3,3.0,0.0,1.7,22,1,1,MIAWPB561,1.0,1.0,655.0,44.0,44.0,No,No,Yes,Yes,No,Known,No,No,No,No,Yes,Yes,0,0,No,No,0,7,Yes,0,Unknown,No,2-High,Suburban,Other,Yes
3109258,Yes,62.81,1184.0,60.0,0.0,43.0,0.0,-592.0,-12.8,41.0,12.3,70.3,10.0,0.0,378.1,95.0,54.3,188.7,251.3,53.3,0.0,9.3,23,2,1,ATLANE678,5.0,4.0,421.0,0.0,0.0,No,Yes,Yes,No,No,Unknown,No,No,No,No,No,No,0,0,No,No,0,0,No,0,100,No,3-Good,Other,Other,Unknown
3004626,No,124.2,433.0,45.0,0.5,134.0,0.1,-209.0,71.7,5.3,0.3,55.0,1.3,0.0,159.9,28.0,0.3,190.0,51.7,5.7,0.0,3.0,50,1,1,PHIMER609,2.0,2.0,15.0,44.0,38.0,No,No,No,No,No,Known,No,Yes,No,No,No,Yes,0,0,No,Yes,0,6,No,1,30,No,1-Highest,Suburban,Other,Yes
3230346,No,85.53,551.0,95.0,1.49,0.0,0.0,-47.0,-0.2,8.7,3.3,16.0,0.0,0.3,61.5,34.3,8.7,92.7,38.7,12.0,0.0,0.7,11,2,2,NMXALB505,1.0,1.0,332.0,44.0,0.0,No,No,Yes,No,No,Known,No,No,No,No,Yes,No,0,0,No,No,0,8,No,0,Unknown,No,2-High,Suburban,Other,Yes
3262406,Yes,91.86,220.0,39.0,0.0,0.0,0.0,,,0.7,0.0,1.3,1.0,0.0,2.1,0.7,0.0,3.7,6.0,0.7,0.0,0.0,16,1,1,NCRFAY910,1.0,1.0,458.0,0.0,0.0,No,No,Yes,No,No,Unknown,No,No,No,No,No,No,0,0,No,No,0,0,No,0,Unknown,No,5-Low,Town,Other,Unknown
3377538,No,22.79,20.0,22.0,0.0,0.0,0.0,-5.0,-22.6,0.7,1.7,1.7,0.0,0.3,1.5,0.7,0.3,4.0,5.0,2.3,0.0,0.0,7,1,1,VAHDAN804,1.0,1.0,207.0,28.0,0.0,No,No,Yes,No,No,Known,No,Yes,No,No,No,No,0,0,No,No,0,4,No,0,Unknown,No,3-Good,Town,Other,No
3156198,No,70.59,576.0,50.0,0.5,67.0,0.0,192.0,33.1,7.3,0.0,23.0,0.7,0.7,153.1,95.3,8.7,153.7,82.7,7.3,0.0,3.0,22,1,1,LAXLAG949,2.0,2.0,356.0,20.0,0.0,No,No,Yes,No,No,Known,No,No,No,No,No,Yes,0,0,No,No,0,9,No,0,30,No,4-Medium,Suburban,Other,Unknown
3318654,Yes,41.31,232.0,45.0,2.23,0.0,0.0,-14.0,-0.3,2.7,0.7,6.0,0.0,0.0,52.1,12.3,3.7,50.7,21.3,3.3,0.0,0.0,11,1,1,BOSBOS978,2.0,2.0,313.0,0.0,0.0,No,No,Yes,No,No,Unknown,No,No,No,No,No,No,0,0,No,No,0,0,No,0,100,No,3-Good,Other,Other,Unknown
3115406,Yes,69.62,434.0,30.0,6.19,86.0,0.0,107.0,42.5,5.7,3.3,46.0,1.3,1.3,31.9,60.0,0.0,99.7,62.7,9.0,0.0,0.0,25,2,1,ATLANE678,1.0,1.0,746.0,52.0,42.0,No,No,Yes,No,No,Known,Yes,Yes,No,No,No,Yes,0,0,No,No,0,6,No,0,Unknown,No,2-High,Other,Professional,No
3254398,No,86.97,1123.0,95.0,1.98,0.0,0.0,0.0,3.0,5.3,3.0,35.3,0.0,0.0,250.8,122.0,22.0,208.0,271.0,8.3,0.0,7.3,14,1,1,OHICLE216,1.0,1.0,407.0,40.0,0.0,No,No,Yes,No,No,Known,No,No,No,No,No,Yes,0,0,No,No,1,5,No,0,Unknown,No,3-Good,Other,Other,No
3069070,No,69.46,1917.0,85.0,0.5,0.0,0.0,418.0,8.8,38.0,6.3,91.7,8.7,2.0,323.8,100.3,21.7,189.3,315.3,44.3,0.0,12.7,23,1,1,BOSBOS617,6.0,2.0,447.0,24.0,0.0,No,Yes,Yes,No,No,Known,No,No,No,No,No,Yes,0,0,No,Yes,0,8,No,1,80,No,1-Highest,Town,Other,No
3011874,No,37.47,271.0,30.0,2.48,9.0,0.0,71.0,4.4,0.0,0.0,2.7,0.0,0.0,1.1,0.0,0.0,32.3,11.7,0.0,0.0,0.0,42,1,1,DALDAL214,1.0,1.0,1274.0,50.0,46.0,No,No,Yes,Yes,Yes,Known,Yes,Yes,Yes,Yes,Yes,Yes,0,0,Yes,No,0,5,No,0,Unknown,No,1-Highest,Other,Other,No
3164902,No,82.19,836.0,65.0,0.5,44.0,0.0,-144.0,-0.2,35.0,3.3,93.0,4.7,2.0,211.4,71.7,8.3,149.0,117.7,41.0,0.0,1.7,20,2,2,NNYROC716,2.0,2.0,96.0,38.0,56.0,Yes,No,Yes,Yes,Yes,Known,No,Yes,No,No,No,Yes,0,0,No,No,0,5,No,0,30,No,5-Low,Other,Other,Yes
3184426,No,11.56,252.0,10.0,0.99,0.0,0.5,22.0,-0.6,3.0,0.0,21.3,0.0,1.0,26.5,9.0,0.3,48.7,29.3,3.0,0.0,0.7,14,2,2,PHITRT609,1.0,1.0,428.0,44.0,42.0,Yes,No,Yes,No,No,Known,No,Yes,No,No,Yes,Yes,0,0,No,No,0,4,No,0,Unknown,No,2-High,Suburban,Crafts,No
3239134,No,64.36,676.0,70.0,0.25,14.0,0.0,-150.0,-4.4,7.3,0.3,38.0,1.0,0.0,175.3,59.3,22.7,108.7,82.7,7.7,0.0,2.3,15,2,2,NYCQUE917,2.0,2.0,4.0,26.0,0.0,No,No,Yes,No,No,Known,No,No,No,No,No,Yes,0,0,Yes,No,0,7,No,0,150,No,2-High,Other,Other,No
3272434,Yes,18.99,8.0,26.0,0.0,0.0,0.0,-8.0,-48.0,0.0,0.0,0.0,0.0,0.0,0.0,0.0,0.0,0.0,0.0,0.0,0.0,0.0,15,1,1,DALDAL214,2.0,2.0,228.0,0.0,0.0,No,No,Yes,No,No,Unknown,No,No,No,No,No,No,1,0,Yes,No,0,0,No,0,10,Yes,7-Lowest,Other,Other,Unknown
3263458,No,119.33,1803.0,78.0,0.99,162.0,0.0,1031.0,-18.3,28.7,1.7,182.0,31.3,5.7,600.1,51.0,13.7,523.7,625.0,30.3,0.0,37.0,9,1,1,APCBAL410,2.0,2.0,164.0,0.0,0.0,No,No,Yes,No,No,Unknown,No,No,No,No,No,No,0,0,Yes,No,0,0,No,0,30,No,7-Lowest,Other,Other,Unknown
3123622,No,10.25,26.0,10.0,0.0,1.0,0.0,-8.0,0.8,0.7,0.7,4.3,0.0,0.0,2.3,2.7,2.3,8.3,5.3,1.3,0.0,0.0,25,3,3,HOUHOU281,3.0,2.0,484.0,0.0,0.0,No,No,Yes,No,No,Known,No,No,No,No,No,No,0,0,Yes,No,0,5,No,0,60,No,3-Good,Other,Other,Unknown
3126966,No,30.25,215.0,30.0,0.25,0.0,0.0,-23.0,-0.2,0.7,3.3,2.7,1.3,0.0,0.0,1.7,0.0,9.0,11.3,4.0,0.0,0.0,25,1,1,OHIWAR330,1.0,1.0,736.0,62.0,58.0,No,No,Yes,Yes,No,Known,Yes,Yes,No,No,Yes,Yes,0,0,No,No,0,5,No,0,Unknown,No,5-Low,Suburban,Professional,Yes
3216090,No,109.12,614.0,76.0,1.73,94.0,0.0,-234.0,-28.9,4.0,5.7,28.0,1.3,0.0,19.1,8.3,0.0,65.0,33.0,9.7,0.0,0.3,16,1,1,NOLKEN504,1.0,1.0,465.0,36.0,36.0,Yes,No,Yes,No,No,Known,No,No,No,No,No,Yes,0,0,No,No,0,6,No,0,Unknown,No,4-Medium,Suburban,Other,Yes
3321642,No,67.53,265.0,80.0,0.0,7.0,0.0,-69.0,2.5,1.7,13.0,20.0,0.0,0.0,41.6,14.0,2.0,97.0,4.3,14.7,0.0,0.0,7,2,2,NSHNSH615,1.0,1.0,208.0,34.0,34.0,Yes,No,Yes,No,No,Known,Yes,Yes,No,No,No,Yes,0,0,No,No,0,6,No,0,Unknown,No,2-High,Rural,Clerical,No
3258206,No,37.09,392.0,40.0,0.0,19.0,0.1,4.0,-6.7,7.3,0.3,20.7,0.0,0.0,98.0,10.3,2.7,151.0,63.7,7.7,0.0,0.3,10,1,1,LAXSMN310,1.0,1.0,295.0,48.0,46.0,Yes,No,Yes,No,No,Known,No,No,No,No,Yes,Yes,0,0,No,No,0,9,No,0,Unknown,No,4-Medium,Town,Other,Unknown
3115726,No,99.2,250.0,66.0,0.99,36.0,0.0,-232.0,-49.2,8.3,3.3,12.3,1.3,0.0,19.3,6.0,0.3,38.0,22.7,11.7,0.0,0.0,19,6,2,ATLNOR678,2.0,1.0,43.0,40.0,36.0,No,No,Yes,No,No,Known,No,No,No,No,No,Yes,0,0,No,Yes,0,6,No,0,30,No,3-Good,Suburban,Other,Unknown
3364346,No,65.49,309.0,70.0,0.0,14.0,0.0,-80.0,-5.5,0.7,0.0,8.0,0.0,0.0,60.9,5.7,6.0,14.3,27.0,0.7,0.0,0.0,11,2,2,AIRGRN252,1.0,1.0,313.0,30.0,0.0,No,No,Yes,No,No,Known,No,No,No,No,No,Yes,0,0,No,No,0,6,No,0,Unknown,No,2-High,Other,Other,No
3296950,No,65.16,554.0,49.0,0.74,82.0,0.0,-83.0,-10.8,2.7,5.0,41.7,1.7,0.3,104.3,26.7,7.3,157.7,65.7,7.7,0.0,0.3,10,3,3,SANMCA210,2.0,2.0,57.0,60.0,58.0,No,No,Yes,Yes,No,Known,Yes,Yes,No,No,No,Yes,0,0,No,Yes,0,5,No,0,130,No,3-Good,Other,Other,Yes
3163286,Yes,67.95,727.0,30.0,0.25,104.0,0.0,4.0,-9.6,13.3,0.0,35.3,0.7,0.3,233.0,23.0,9.0,166.7,124.0,13.3,0.0,1.3,16,1,1,LAXSAN714,3.0,3.0,224.0,0.0,0.0,No,No,Yes,No,No,Unknown,No,No,No,No,No,No,0,0,No,No,0,0,No,0,40,No,4-Medium,Other,Other,Unknown
3167466,No,22.91,82.0,20.0,0.0,8.0,0.0,-14.0,-2.9,5.0,0.3,2.7,0.0,0.0,2.8,0.0,0.3,22.7,1.7,5.3,0.0,0.3,19,1,1,PHIARD610,1.0,1.0,576.0,38.0,36.0,Yes,No,Yes,Yes,Yes,Known,Yes,Yes,No,No,No,Yes,0,0,No,No,0,9,No,0,Unknown,No,2-High,Other,Other,Yes
3162274,Yes,79.34,1030.0,50.0,0.25,89.0,0.0,-408.0,-19.4,13.0,11.0,84.3,0.0,0.0,221.0,37.0,9.7,171.3,334.3,24.0,0.0,15.3,16,2,2,MIANDA305,2.0,2.0,6.0,26.0,36.0,No,No,Yes,No,No,Unknown,No,No,No,No,No,No,0,0,No,Yes,0,6,No,0,130,No,2-High,Other,Other,Unknown
3177774,Yes,44.77,285.0,30.0,0.5,41.0,0.0,207.0,41.2,16.0,0.0,0.0,0.0,0.0,18.1,22.7,0.0,117.7,49.0,16.0,0.0,0.0,17,1,1,NYCMAN917,2.0,1.0,505.0,52.0,0.0,No,No,Yes,No,No,Unknown,No,No,No,No,No,Yes,0,0,No,No,0,4,No,0,30,No,4-Medium,Other,Other,No
3315942,Yes,36.88,132.0,45.0,0.25,0.0,0.6,-76.0,-1.5,3.7,0.0,12.0,0.0,0.0,4.3,3.3,0.3,24.0,13.0,3.7,0.0,0.3,11,1,1,APCSIL301,1.0,1.0,320.0,30.0,28.0,No,No,Yes,No,No,Known,No,No,No,No,No,Yes,0,0,No,No,0,5,No,0,Unknown,No,3-Good,Suburban,Other,Yes
3350466,No,49.99,807.0,70.0,0.0,0.0,0.0,13.0,0.0,1.3,0.0,15.7,0.7,0.7,47.4,1.0,0.0,34.7,40.0,1.3,0.0,0.0,12,1,1,AIRWIL910,1.0,1.0,348.0,0.0,0.0,No,No,Yes,No,No,Known,No,No,No,No,No,Yes,0,0,Yes,No,0,9,No,0,Unknown,No,6-VeryLow,Rural,Other,Unknown
3073342,Yes,30.27,17.0,30.0,0.0,0.0,0.0,-17.0,-0.3,0.3,0.3,0.0,0.0,0.0,6.9,0.0,0.0,8.0,0.0,0.7,0.0,0.0,23,2,1,LAXANA714,1.0,1.0,696.0,0.0,0.0,No,No,Yes,No,No,Known,No,No,No,No,No,No,0,0,No,No,0,6,No,0,Unknown,No,1-Highest,Suburban,Other,Yes
3332330,Yes,48.99,109.0,55.0,0.0,0.0,0.0,-103.0,0.0,10.0,0.3,22.7,0.0,0.7,31.0,11.7,1.7,35.7,22.3,10.3,0.0,0.7,11,1,1,BOSBOS617,1.0,1.0,309.0,52.0,52.0,Yes,No,Yes,No,No,Known,No,Yes,No,No,Yes,Yes,0,0,No,No,0,3,No,0,Unknown,No,5-Low,Other,Professional,Unknown
3390406,No,91.79,2110.0,60.0,0.0,84.0,0.0,100.0,-1.4,17.0,1.0,72.7,7.3,0.0,999.6,145.7,163.7,219.7,470.7,18.0,0.0,42.0,7,1,1,LAWBUM409,1.0,1.0,182.0,0.0,0.0,No,No,Yes,No,No,Unknown,No,No,No,No,No,No,0,0,No,No,3,0,No,0,Unknown,No,5-Low,Town,Other,Unknown
